id;bucket;object_key;content_type;size;created_at;updated_at;is_deleted;deleted_at;deleted_by
1;underneath;psst illusion cork;hmph last;12449;2025-11-04T00:58:39;2025-11-04T00:59:23;false;2025-11-04T10:42:59;9b53b7f5-6c09-4216-97e3-9d8baa4669f3
2;unibody petticoat;ha slump without;impure;22423;2025-11-04T13:33:27;2025-11-04T13:15:16;true;2025-11-04T06:32:38;7226176d-0bf6-4452-8a3a-1c2ebf05b3ca
3;yum adventurously;airport cheerful outside;beneath thoughtfully;8402;2025-11-03T17:37:14;2025-11-04T03:09:00;false;2025-11-04T00:59:03;46993e6d-3938-4650-8106-65dde358e160
4;grass;hence taut;times wholly;24500;2025-11-04T07:25:08;2025-11-04T13:12:50;false;2025-11-04T11:38:56;21f70c94-c187-4807-8eec-038b2222e449
5;favorite suspiciously;geez;openly delightfully unlike;18454;2025-11-03T21:07:12;2025-11-03T22:16:30;true;2025-11-03T21:57:31;a2d74250-0884-4eb5-a1e8-fd91e6126d7c
6;pfft;lest tromp;inside joyfully gracefully;1333;2025-11-04T06:40:17;2025-11-03T17:01:27;true;2025-11-04T06:40:47;74848b86-5745-4aab-8628-8bb60c095ef5
7;until easily beyond;masterpiece blah;that pendant;11498;2025-11-04T12:28:54;2025-11-03T17:03:43;false;2025-11-04T09:39:04;0e057161-7ed9-4464-80b0-924e416a3e64
8;before millet printer;plain how indeed;contrast hunt;25924;2025-11-04T14:16:43;2025-11-04T13:32:11;true;2025-11-04T07:20:22;393ecad5-bfe8-462e-a81a-6e3fce95662b
9;from metabolise fatally;quarrelsomely yum make;indeed across;307;2025-11-03T19:42:23;2025-11-04T00:12:23;false;2025-11-04T00:39:12;a1008bdc-8a9f-4b34-8e20-ce45879d57f8
10;rightfully snoop;beside boo nor;outlaw;12346;2025-11-04T06:19:12;2025-11-04T00:44:19;true;2025-11-04T06:52:47;68ab22fd-8f87-45f2-9b49-3f20935148a7
